{
  "experiment": "regression_confound_decomposition",
  "n_tests": 6468,
  "n_pairs": 28,
  "n_professions": 33,
  "n_templates": 7,
  "regression": {
    "ss": [
      {
        "label": "M0: Race only",
        "features": [
          "cross_race"
        ],
        "r_squared": 0.00032565786787330797,
        "adj_r_squared": 0.00017105311344511875,
        "delta_r_squared": 0.00032565786787330797,
        "n_obs": 6468,
        "coefficients": {
          "cross_race": {
            "coef": 0.0010165168500368637,
            "se": 0.0014368722261787327,
            "p": 0.4792861852434298,
            "ci_lower": -0.0017997009636593429,
            "ci_upper": 0.00383273466373307
          }
        }
      },
      {
        "label": "M1: + Gender",
        "features": [
          "cross_race",
          "cross_gender"
        ],
        "r_squared": 0.017380069909214146,
        "adj_r_squared": 0.017076088492326003,
        "delta_r_squared": 0.01705441204134084,
        "n_obs": 6468,
        "coefficients": {
          "cross_race": {
            "coef": 0.007233621136479637,
            "se": 0.0012877978823573693,
            "p": 1.9424868151603672e-08,
            "ci_lower": 0.004709583667692243,
            "ci_upper": 0.00975765860526703
          },
          "cross_gender": {
            "coef": 0.009947366858308385,
            "se": 0.002573161040569869,
            "p": 0.00011071843622588565,
            "ci_lower": 0.004904063892369833,
            "ci_upper": 0.014990669824246938
          }
        }
      },
      {
        "label": "M2: + Token gap",
        "features": [
          "cross_race",
          "cross_gender",
          "token_gap"
        ],
        "r_squared": 0.025197838893487146,
        "adj_r_squared": 0.02474542452416184,
        "delta_r_squared": 0.007817768984273,
        "n_obs": 6468,
        "coefficients": {
          "cross_race": {
            "coef": 0.0056746164207803285,
            "se": 0.001449918895078335,
            "p": 9.087467087929522e-05,
            "ci_lower": 0.0028328276059226827,
            "ci_upper": 0.008516405235637974
          },
          "cross_gender": {
            "coef": 0.009074324217516772,
            "se": 0.0026350095479117357,
            "p": 0.0005736977975390884,
            "ci_lower": 0.0039098004046906,
            "ci_upper": 0.014238848030342944
          },
          "token_gap": {
            "coef": 0.0037416113176783534,
            "se": 0.0006441966059031692,
            "p": 6.3154734686619426e-09,
            "ci_lower": 0.002479009171145199,
            "ci_upper": 0.005004213464211508
          }
        }
      },
      {
        "label": "M3: + Both rare",
        "features": [
          "cross_race",
          "cross_gender",
          "token_gap",
          "both_rare"
        ],
        "r_squared": 0.02633533717101244,
        "adj_r_squared": 0.025732728684037975,
        "delta_r_squared": 0.001137498277525295,
        "n_obs": 6468,
        "coefficients": {
          "cross_race": {
            "coef": 0.007230727947994778,
            "se": 0.002002343124662357,
            "p": 0.00030486190269612084,
            "ci_lower": 0.0033062075389651627,
            "ci_upper": 0.011155248357024394
          },
          "cross_gender": {
            "coef": 0.010586489077723851,
            "se": 0.0027654543750549247,
            "p": 0.0001291262035924832,
            "ci_lower": 0.005166298101727476,
            "ci_upper": 0.016006680053720225
          },
          "token_gap": {
            "coef": 0.0035019022249110315,
            "se": 0.0006722134581381394,
            "p": 1.8934077366513175e-07,
            "ci_lower": 0.002184388057037155,
            "ci_upper": 0.004819416392784908
          },
          "both_rare": {
            "coef": 0.004368698215684191,
            "se": 0.0028246785707701717,
            "p": 0.12195542989590841,
            "ci_lower": -0.00116757005092742,
            "ci_upper": 0.009904966482295802
          }
        }
      },
      {
        "label": "M4: + Interaction",
        "features": [
          "cross_race",
          "cross_gender",
          "token_gap",
          "both_rare",
          "cross_race_x_gender"
        ],
        "r_squared": 0.02633533717101244,
        "adj_r_squared": 0.025732728684037975,
        "delta_r_squared": 0.0,
        "n_obs": 6468,
        "coefficients": {
          "cross_race": {
            "coef": 0.007230727947994778,
            "se": 0.002002498050820244,
            "p": 0.00030519052246102686,
            "ci_lower": 0.0033059038892754413,
            "ci_upper": 0.011155552006714115
          },
          "cross_gender": {
            "coef": 0.010586489077723851,
            "se": 0.002765668344986384,
            "p": 0.000129281635729522,
            "ci_lower": 0.005165878728368041,
            "ci_upper": 0.01600709942707966
          },
          "token_gap": {
            "coef": 0.0035019022249110315,
            "se": 0.0006722654689284324,
            "p": 1.897524818174578e-07,
            "ci_lower": 0.0021842861177613733,
            "ci_upper": 0.00481951833206069
          },
          "both_rare": {
            "coef": 0.004368698215684191,
            "se": 0.0028248971230217055,
            "p": 0.1219843030288767,
            "ci_lower": -0.001167998405469166,
            "ci_upper": 0.009905394836837549
          },
          "cross_race_x_gender": {
            "coef": 0.0,
            "se": 0.0,
            "p": NaN,
            "ci_lower": 0.0,
            "ci_upper": 0.0
          }
        }
      }
    ],
    "func_tcd": [
      {
        "label": "M0: Race only",
        "features": [
          "cross_race"
        ],
        "r_squared": 0.0005267937300028613,
        "adj_r_squared": 0.00037222008226533987,
        "delta_r_squared": 0.0005267937300028613,
        "n_obs": 6468,
        "coefficients": {
          "cross_race": {
            "coef": 0.0006560849920883308,
            "se": 0.000691888301142537,
            "p": 0.34300079301213826,
            "ci_lower": -0.0006999911594756449,
            "ci_upper": 0.0020121611436523064
          }
        }
      },
      {
        "label": "M1: + Gender",
        "features": [
          "cross_race",
          "cross_gender"
        ],
        "r_squared": 0.032557019929357,
        "adj_r_squared": 0.03225773362461737,
        "delta_r_squared": 0.03203022619935414,
        "n_obs": 6468,
        "coefficients": {
          "cross_race": {
            "coef": 0.004979787351399702,
            "se": 0.0005551804881933634,
            "p": 2.9739642452406275e-19,
            "ci_lower": 0.003891653589621345,
            "ci_upper": 0.006067921113178059
          },
          "cross_gender": {
            "coef": 0.006917923774898147,
            "se": 0.0012016793107517362,
            "p": 8.568269545741024e-09,
            "ci_lower": 0.004562675604857828,
            "ci_upper": 0.009273171944938464
          }
        }
      },
      {
        "label": "M2: + Token gap",
        "features": [
          "cross_race",
          "cross_gender",
          "token_gap"
        ],
        "r_squared": 0.032937205009114234,
        "adj_r_squared": 0.032488382548567785,
        "delta_r_squared": 0.0003801850797572337,
        "n_obs": 6468,
        "coefficients": {
          "cross_race": {
            "coef": 0.004805321852241497,
            "se": 0.0006323543458704392,
            "p": 2.982047872880991e-14,
            "ci_lower": 0.003565930108868052,
            "ci_upper": 0.006044713595614943
          },
          "cross_gender": {
            "coef": 0.00682022309536955,
            "se": 0.0012304292841937164,
            "p": 2.9739696567014184e-08,
            "ci_lower": 0.004408626012826467,
            "ci_upper": 0.009231820177912634
          },
          "token_gap": {
            "coef": 0.0004187171979796921,