{
  "name": [
    0.9101805303556224,
    0.8658445940042535,
    0.8131435184429089,
    0.7729739410181841,
    0.7094553802162409,
    0.6625514502326647,
    0.6457565122594436,
    0.6410268892844518,
    0.6011211834847927,
    0.5567852469782034,
    0.49331636105974513,
    0.44899292414387065,
    0.5973530188202858
  ],
  "adjacent_func": [
    0.15410814344882964,
    0.13409897327423095,
    0.12296647310256958,
    0.12080248713493347,
    0.11309854745864868,
    0.10006456017494202,
    0.09907607316970825,
    0.09767176508903504,
    0.08922406673431396,
    0.08378077030181885,
    0.08150339365005493,
    0.10465970039367675,
    0.18390128135681152
  ],
  "adjacent_cont": [
    0.37326497758428256,
    0.33832240402698516,
    0.3076542059580485,
    0.29767637004454933,
    0.2755746821562449,
    0.2501844147841136,
    0.24416467249393464,
    0.23107177416483562,
    0.2106844812631607,
    0.18807439208030702,
    0.15693002541859943,
    0.12299164533615112,
    0.17221394975980123
  ],
  "distant_func": [
    0.2789224682653204,
    0.24591685641319194,
    0.2236535612573015,
    0.2236660620633592,
    0.20952878353443552,
    0.18980645943195262,
    0.18784748176310925,
    0.1808781129248599,
    0.1660536952475284,
    0.1569843900964615,
    0.13205866483931847,
    0.12753282328869434,
    0.1882874718371858
  ],
  "distant_cont": [
    0.30462523454145807,
    0.27662732633384496,
    0.2604074166030497,
    0.25142722596993317,
    0.23528061927975835,
    0.21856378421590134,
    0.21523633236820633,
    0.21288344827858177,
    0.19172632049869848,
    0.1746684248382981,
    0.14765004773397702,
    0.11927904390000008,
    0.15674439555889852
  ]
}