{
  "n_rows": 55440,
  "overall_ratio": 1.4335275293426413,
  "bootstraps": {
    "name_pair": {
      "n_clusters": 120,
      "ci95": [
        1.3540840534779024,
        1.5101212755400888
      ],
      "median": 1.4328814107620156,
      "pct_ratio_gt_1_by_cluster": 0.8833333333333333
    },
    "profession": {
      "n_clusters": 33,
      "ci95": [
        1.303771355939667,
        1.5672139145866903
      ],
      "median": 1.434571128008419,
      "pct_ratio_gt_1_by_cluster": 0.8787878787878788
    },
    "template": {
      "n_clusters": 14,
      "ci95": [
        1.303053397614153,
        1.5647813429374462
      ],
      "median": 1.434790097189389,
      "pct_ratio_gt_1_by_cluster": 0.9285714285714286
    },
    "pair_profession": {
      "n_clusters": 3960,
      "ci95": [
        1.4022907094128703,
        1.465284649081293
      ],
      "median": 1.4345422146589746,
      "pct_ratio_gt_1_by_cluster": 0.7906565656565656
    }
  }
}