{
  "n_total": 330,
  "n_queries": 33,
  "n_pairs": 10,
  "func_tcd_mean": 0.02119644063270905,
  "cont_tcd_mean": 0.019427066517175372,
  "ratio": 1.0910777812990644,
  "mw_p": 0.0025078819808112855,
  "wilcoxon_p": 0.0006868559900403263,
  "cohens_d": 0.12237902268558551,
  "prof_func_wins": 24,
  "cc_mean_ss": 0.0426617637010416,
  "cr_mean_ss": 0.042247037599306196,
  "rr_mean_ss": 0.0596520698736198,
  "rarity_amp": 0.9902787398889166,
  "rarity_p": 0.7493315882377554
}