{
  "n": 8000,
  "ratio": 0.9747480221835545,
  "p": 0.999999999093429,
  "d": -0.04491503475833929,
  "func": 0.044053767569828775,
  "cont": 0.04519503150274977,
  "ss": 0.07815059616507565,
  "pct_gt1": 46.925
}