{
  "bm25": {
    "model": "BM25",
    "n": 1155,
    "mean_ss": 0.0,
    "std_ss": 0.0,
    "nonzero_pct": 0.0
  },
  "splade": {
    "model": "SPLADE",
    "n": 1155,
    "mean_ss": 0.12332427607701714,
    "std_ss": 0.1515593412659876,
    "median_ss": 0.06579561514958959
  },
  "contriever": {
    "model": "Contriever",
    "n": 1155,
    "mean_ss": 0.05351425619351556,
    "std_ss": 0.04348812584638268,
    "median_ss": 0.04343027833835729
  },
  "cross_encoder": {
    "model": "CrossEncoder",
    "n": 1155,
    "mean_ss": 0.05005730215082855,
    "std_ss": 0.057722175124997714,
    "median_ss": 0.02723076642827998
  },
  "dpr": {
    "model": "DPR",
    "n": 1155,
    "mean_ss": 0.09974777928528794,
    "std_ss": 0.07768395920787237,
    "median_ss": 0.08692015188570361
  }
}