{
  "mean_ss": 0.26311574614542427,
  "n": 9,
  "values": [
    0.10819517064221,
    0.09001106538976097,
    0.05383705300930163,
    0.7225473079942699,
    0.15071007604150033,
    0.5553601684677929,
    0.5085324265921792,
    0.16124913455503595,
    0.01759931261676734
  ]
}