{
  "rankgap": {
    "n_rows": 4752,
    "n_pairs": 48,
    "means": [
      {
        "treatment": 0,
        "ss": 0.028526,
        "func_tcd": 0.014245999976992607,
        "cont_tcd": 0.012889999896287918
      },
      {
        "treatment": 1,
        "ss": 0.029758,
        "func_tcd": 0.015793999657034874,
        "cont_tcd": 0.013536999933421612
      }
    ],
    "models": {
      "ss": {
        "coef": 0.0012316065141967062,
        "stderr": 0.0028923281117935887,
        "pvalue": 0.6702401819465247,
        "r_squared": 0.1043064530623542,
        "significant": false
      },
      "func_tcd": {
        "coef": 0.0015478910100630058,
        "stderr": 0.0013394067904808921,
        "pvalue": 0.24782265114273816,
        "r_squared": 0.10774990199875567,
        "significant": false
      }
    }
  },
  "tokenization": {
    "n_rows": 4455,
    "n_pairs": 45,
    "means": [
      {
        "treatment": 0,
        "ss": 0.028526,
        "func_tcd": 0.014245999976992607,
        "cont_tcd": 0.012889999896287918
      },
      {
        "treatment": 1,
        "ss": 0.038289,
        "func_tcd": 0.021382000297307968,
        "cont_tcd": 0.015614000149071217
      }
    ],
    "models": {
      "ss": {
        "coef": 0.009763167706198641,
        "stderr": 0.003688792546393359,
        "pvalue": 0.00812787882897705,
        "r_squared": 0.12414411246058588,
        "significant": true
      },
      "func_tcd": {
        "coef": 0.0071352223962897416,
        "stderr": 0.0017098246494639802,
        "pvalue": 3.005191281398465e-05,
        "r_squared": 0.1783397140827333,
        "significant": true
      }
    }
  }
}